WeatherTech Raceway Laguna Seca;https://gtcarsetup.com/img/circuits/gtsport/608f78b1c2dee29be154da1a1ab4c476.png
Nürburgring Nordschleife;https://gtcarsetup.com/img/circuits/gtsport/9f8eb5a782a472453ddd8ec89ef27deb.png
Brands Hatch Grand Prix Circuit;https://gtcarsetup.com/img/circuits/gtsport/4c773cd5748b86a5460e58c58f7671fb.png
Autódromo de Interlagos;https://gtcarsetup.com/img/circuits/gtsport/17a6b728375e4bd38c8267036c18128b.png
Goodwood Motor Circuit;https://gtcarsetup.com/img/circuits/gtsport/727bd11d8f28b1fe81a160b97d7d6735.png
Brands Hatch Indy Circuit;https://gtcarsetup.com/img/circuits/gtsport/default.png
Nürburgring Nordschleife Tourist Layout;https://gtcarsetup.com/img/circuits/gtsport/default.png
Nürburgring 24h;https://gtcarsetup.com/img/circuits/gtsport/9b06969a937d763f43887fed234073a7.png
Blue Moon Bay Speedway;https://gtcarsetup.com/img/circuits/gtsport/c1cbe3dac505ec772bb03dc744c3ce94.png
BB Raceway;https://gtcarsetup.com/img/circuits/gtsport/a718f09189b19bd66c9abfd935cd2b61.png
Alsace - Village;https://gtcarsetup.com/img/circuits/gtsport/fde8c36bbdfab11706a4d9fffc61c241.png
Dragon Trail - Seaside;https://gtcarsetup.com/img/circuits/gtsport/64b6d4fac5db76024923043b82143e3d.png
Autodrome Lago Maggiore - GP;https://gtcarsetup.com/img/circuits/gtsport/3b0bdaa69e3a18366cc5e3904c9f6f9a.png
KYOTO DRIVING PARK - YAMAGIWA;https://gtcarsetup.com/img/circuits/gtsport/597704ed70764fcfaee9660932e90677.png
Alsace - Village II;https://gtcarsetup.com/img/circuits/gtsport/default.png
Fishermans Ranch II;https://gtcarsetup.com/img/circuits/gtsport/default.png
BB Raceway II;https://gtcarsetup.com/img/circuits/gtsport/default.png
Blue Moon Bay Speedway II;https://gtcarsetup.com/img/circuits/gtsport/default.png
Autodromo Nazionale Monza;https://gtcarsetup.com/img/circuits/gtsport/04bd9edb35571ca581e8ffbb1fe49cfd.png
Sardegna - Windmills II;https://gtcarsetup.com/img/circuits/gtsport/default.png
Dragon Trail - Seaside II;https://gtcarsetup.com/img/circuits/gtsport/default.png
Autodrome Lago Maggiore - GP II;https://gtcarsetup.com/img/circuits/gtsport/default.png
Autodromo Nazionale Monza No Chicane;https://gtcarsetup.com/img/circuits/gtsport/a41d83e8a117dafd92434af9b502cf8a.png
KYOTO DRIVING PARK - YAMAGIWA+MIYABI;https://gtcarsetup.com/img/circuits/gtsport/default.png
KYOTO DRIVING PARK - YAMAGIWA+MIYABI II;https://gtcarsetup.com/img/circuits/gtsport/default.png
Autodrome Lago Maggiore - Centre II;https://gtcarsetup.com/img/circuits/gtsport/default.png
Autodrome Lago Maggiore - East II;https://gtcarsetup.com/img/circuits/gtsport/default.png
Autodrome Lago Maggiore - Centre;https://gtcarsetup.com/img/circuits/gtsport/55aedf4196c228f590422061a47415ad.png
Autodrome Lago Maggiore - West II;https://gtcarsetup.com/img/circuits/gtsport/default.png
Autodrome Lago Maggiore - West;https://gtcarsetup.com/img/circuits/gtsport/default.png
Blue Moon Bay Speedway - Infield B;https://gtcarsetup.com/img/circuits/gtsport/default.png
Blue Moon Bay Speedway - Infield A II;https://gtcarsetup.com/img/circuits/gtsport/default.png
Blue Moon Bay Speedway - Infield B II;https://gtcarsetup.com/img/circuits/gtsport/default.png
Circuit de Sainte-Croix - A II;https://gtcarsetup.com/img/circuits/gtsport/default.png
Circuit de Sainte-Croix - B II;https://gtcarsetup.com/img/circuits/gtsport/default.png
Circuit de Sainte-Croix - C II;https://gtcarsetup.com/img/circuits/gtsport/default.png
Sardegna - Road Track - C II;https://gtcarsetup.com/img/circuits/gtsport/default.png
Sardegna - Road Track - B II;https://gtcarsetup.com/img/circuits/gtsport/default.png
Dragon Trail - Gardens;https://gtcarsetup.com/img/circuits/gtsport/4e6756dd9557c4d8344c3071d3ee9e5c.png
Dragon Trail - Gardens II;https://gtcarsetup.com/img/circuits/gtsport/d61723b89795a42c65bab1937b19eba6.png
Circuit de Barcelona-Catalunya Grand Prix Layout;https://gtcarsetup.com/img/circuits/gtsport/6335a4f1bf6e220eef83ce627bdc0c8c.png
AUTOPOLIS INTERNATIONAL RACING COURSE　SHORTCUT COURSE;https://gtcarsetup.com/img/circuits/gtsport/default.png
Sardegna - Road Track - A II;https://gtcarsetup.com/img/circuits/gtsport/default.png
Suzuka Circuit;https://gtcarsetup.com/img/circuits/gtsport/e12b1cd08e98d37128d384affeaa63cd.png
Fuji International Speedway;https://gtcarsetup.com/img/circuits/gtsport/cc8d34b74345df088239e50cb8b4d0f7.png
Special Stage Route X;https://gtcarsetup.com/img/circuits/gtsport/0a15bb9bf530ba3c8419262a0f5ba4fc.png
Mount Panorama Motor Racing Circuit;https://gtcarsetup.com/img/circuits/gtsport/959e884c20c2c59c420fb0a6bfbc1104.png
Willow Springs International Raceway: Big Willow;https://gtcarsetup.com/img/circuits/gtsport/5f3de7c033dd7cedde93a8f217942b8b.png
Willow Springs International Raceway: Streets of Willow Springs;https://gtcarsetup.com/img/circuits/gtsport/default.png
Willow Springs International Raceway: Horse Thief Mile;https://gtcarsetup.com/img/circuits/gtsport/default.png
Nürburgring GP;https://gtcarsetup.com/img/circuits/gtsport/2a8d823bdbc35297349c79d871879e4e.png
Tokyo Expressway - Central Outer Loop;https://gtcarsetup.com/img/circuits/gtsport/332809d18beb300da5619aed84741b09.png
Fishermans Ranch;https://gtcarsetup.com/img/circuits/gtsport/a6ce4f1fd8904e3d4224514d06880c3a.png
Tokyo Expressway - East Outer Loop;https://gtcarsetup.com/img/circuits/gtsport/default.png
Tokyo Expressway - South Outer Loop;https://gtcarsetup.com/img/circuits/gtsport/74ad0cdc10df08eb301c90d5d1f3a8d9.png
Colorado Springs - Lake;https://gtcarsetup.com/img/circuits/gtsport/147a3ac7cd9f648d9d9e016c286a48c4.png
KYOTO DRIVING PARK - MIYABI;https://gtcarsetup.com/img/circuits/gtsport/default.png
Suzuka Circuit East Course;https://gtcarsetup.com/img/circuits/gtsport/default.png
Tokyo Expressway - Central Inner Loop;https://gtcarsetup.com/img/circuits/gtsport/default.png
Tokyo Expressway - East Inner Loop;https://gtcarsetup.com/img/circuits/gtsport/default.png
Willow Springs International Raceway: Horse Thief Mile II;https://gtcarsetup.com/img/circuits/gtsport/default.png
Sardegna - Windmills;https://gtcarsetup.com/img/circuits/gtsport/196b91c23c57e8b84dd588f72c5b6dbf.png
Circuit de la Sarthe;https://gtcarsetup.com/img/circuits/gtsport/024b0404a81a1f9fabee246568e7547c.png
Circuit de Spa-Francorchamps;https://gtcarsetup.com/img/circuits/gtsport/977cae991ccc7e71afb3c55e3aa3d915.png
Red Bull Ring;https://gtcarsetup.com/img/circuits/gtsport/ff5ab87e7b5672c4c8f05cbc7d98ac8b.png
Tsukuba Circuit;https://gtcarsetup.com/img/circuits/gtsport/abfb20f8e2c75f4a7d5db2bd58c8a982.png
Willow Springs International Raceway: Streets of Willow Springs II;https://gtcarsetup.com/img/circuits/gtsport/default.png
Colorado Springs - Lake II;https://gtcarsetup.com/img/circuits/gtsport/default.png
KYOTO DRIVING PARK - YAMAGIWA II;https://gtcarsetup.com/img/circuits/gtsport/default.png
Autodrome Lago Maggiore - East;https://gtcarsetup.com/img/circuits/gtsport/3157ceb0e971bb68bbda2077b30c9967.png
Blue Moon Bay Speedway - Infield A;https://gtcarsetup.com/img/circuits/gtsport/default.png
Circuit de Sainte-Croix - A;https://gtcarsetup.com/img/circuits/gtsport/0b7953e6f31fd9dcac26cb9cd59bd493.png
Circuit de Sainte-Croix - B;https://gtcarsetup.com/img/circuits/gtsport/default.png
Circuit de Sainte-Croix - C;https://gtcarsetup.com/img/circuits/gtsport/default.png
Fuji International Speedway (Short);https://gtcarsetup.com/img/circuits/gtsport/9d76fd0433b9d3209625d1633d3dd7a2.png
Sardegna - Road Track - B;https://gtcarsetup.com/img/circuits/gtsport/b60711a0278bc50c9dc35e9cbcb23618.png
Sardegna - Road Track - C;https://gtcarsetup.com/img/circuits/gtsport/default.png
Red Bull Ring Short Track;https://gtcarsetup.com/img/circuits/gtsport/default.png
Circuit de la Sarthe No Chicane;https://gtcarsetup.com/img/circuits/gtsport/default.png
AUTOPOLIS INTERNATIONAL RACING COURSE;https://gtcarsetup.com/img/circuits/gtsport/379a9c83454761b8f16a6c5c31beb44c.png
Tokyo Expressway - South Inner Loop;https://gtcarsetup.com/img/circuits/gtsport/fc9d8a9873ce74fc2207a2b512219001.png